date,league,home,away,checked,derby,field_temp_c,home_absences,home_rotation,home_formation_effect,home_leads_taken,home_leads_extended,home_trailing,home_responded,away_absences,away_rotation,away_formation_effect,away_leads_taken,away_leads_extended,away_trailing,away_responded
2026-10-09,PD,Málaga CF,RCD Espanyol de Barcelona,0,,,,,,,,,,,,,,,,
2026-10-09,FL1,Racing Club de Lens,Olympique Lyonnais,0,,,,,,,,,,,,,,,,
2026-10-09,BL1,Borussia Dortmund,SV Werder Bremen,0,,,,,,,,,,,,,,,,
2026-10-10,PL,Arsenal FC,Leeds United FC,0,,,,,,,,,,,,,,,,
2026-10-10,PL,Sunderland AFC,Brighton & Hove Albion FC,0,,,,,,,,,,,,,,,,
2026-10-10,PL,Chelsea FC,AFC Bournemouth,0,,,,,,,,,,,,,,,,
2026-10-10,PL,Ipswich Town FC,Fulham FC,0,,,,,,,,,,,,,,,,
2026-10-10,PL,Aston Villa FC,Brentford FC,0,,,,,,,,,,,,,,,,
2026-10-10,PL,Manchester United FC,Tottenham Hotspur FC,0,,,,,,,,,,,,,,,,
2026-10-10,PD,Rayo Vallecano de Madrid,Athletic Club,0,,,,,,,,,,,,,,,,
2026-10-10,PD,Deportivo Alavés,Club Atlético de Madrid,0,,,,,,,,,,,,,,,,
2026-10-10,PD,FC Barcelona,Getafe CF,0,,,,,,,,,,,,,,,,
2026-10-10,PD,Real Madrid CF,Villarreal CF,0,,,,,,,,,,,,,,,,
2026-10-10,FL1,Lille OSC,Le Havre AC,0,,,,,,,,,,,,,,,,
2026-10-10,FL1,Stade Brestois 29,Angers SCO,0,,,,,,,,,,,,,,,,
2026-10-10,FL1,FC Lorient,Paris FC,0,,,,,,,,,,,,,,,,
2026-10-10,FL1,Paris Saint-Germain FC,Le Mans FC,0,,,,,,,,,,,,,,,,
2026-10-10,FL1,AS Monaco FC,Toulouse FC,0,,,,,,,,,,,,,,,,
2026-10-10,BL1,1. FSV Mainz 05,Bayer 04 Leverkusen,0,,,,,,,,,,,,,,,,
2026-10-10,BL1,SC Paderborn 07,VfB Stuttgart,0,,,,,,,,,,,,,,,,
2026-10-10,BL1,1. FC Union Berlin,SV 07 Elversberg,0,,,,,,,,,,,,,,,,
2026-10-10,BL1,TSG 1899 Hoffenheim,Hamburger SV,0,,,,,,,,,,,,,,,,
2026-10-10,BL1,FC Augsburg,FC Bayern München,0,,,,,,,,,,,,,,,,
2026-10-10,BL1,RB Leipzig,Eintracht Frankfurt,0,,,,,,,,,,,,,,,,
2026-10-10,SA,Genoa CFC,ACF Fiorentina,0,,,,,,,,,,,,,,,,
2026-10-10,SA,FC Internazionale Milano,Parma Calcio 1913,0,,,,,,,,,,,,,,,,
2026-10-10,SA,SSC Napoli,Frosinone Calcio,0,,,,,,,,,,,,,,,,
