date,league,home,away,market,probability,core_probability,low,high,field_temp_c,factors,logged_at,hg,ag,result,note
2026-10-09,BL1,Borussia Dortmund,SV Werder Bremen,1.5,0.8097,0.8097,0.7716,0.8421,,core 81.0 | form 84 | base 80,2026-10-07T13:02:57.686581+00:00,,,,
2026-10-10,BL1,1. FSV Mainz 05,Bayer 04 Leverkusen,1.5,0.8156,0.8156,0.7779,0.8474,,core 81.6 | form 87 | base 79,2026-10-08T06:42:01.597877+00:00,,,,
2026-10-10,BL1,SC Paderborn 07,VfB Stuttgart,1.5,0.8491,0.8491,0.8147,0.8776,,core 84.9 | form 81 | base 91,2026-10-08T06:42:01.597877+00:00,,,,
2026-10-10,BL1,1. FC Union Berlin,SV 07 Elversberg,1.5,0.8575,0.8575,0.8240,0.8850,,core 85.7 | form 91 | base 81,2026-10-08T06:42:01.597877+00:00,,,,
2026-10-10,BL1,TSG 1899 Hoffenheim,Hamburger SV,1.5,0.8246,0.8246,0.7878,0.8556,,core 82.5 | form 88 | base 79,2026-10-08T06:42:01.597877+00:00,,,,
2026-10-10,BL1,FC Augsburg,FC Bayern München,1.5,0.9007,0.9007,0.8730,0.9227,,core 90.1 | form 83 | base 93,2026-10-08T06:42:01.597877+00:00,,,,
2026-10-10,PL,Chelsea FC,AFC Bournemouth,1.5,0.8493,0.8493,0.8148,0.8777,,core 84.9 | form 88 | base 82,2026-10-08T06:42:01.597877+00:00,,,,
2026-10-10,SA,FC Internazionale Milano,Parma Calcio 1913,1.5,0.8059,0.8059,0.7675,0.8386,,core 80.6 | form 88 | base 76,2026-10-08T06:42:01.597877+00:00,,,,
2026-10-10,PL,Manchester United FC,Tottenham Hotspur FC,1.5,0.8092,0.8092,0.7710,0.8416,,core 80.9 | form 75 | base 83,2026-10-08T06:42:01.597877+00:00,,,,
2026-10-10,PD,FC Barcelona,Getafe CF,1.5,0.8055,0.8055,0.7670,0.8382,,core 80.5 | form 89 | base 73,2026-10-08T06:42:01.597877+00:00,,,,
2026-10-10,BL1,RB Leipzig,Eintracht Frankfurt,1.5,0.9127,0.9127,0.8870,0.9329,,core 91.3 | form 91 | base 91,2026-10-08T06:42:01.597877+00:00,,,,
2026-10-10,FL1,Paris Saint-Germain FC,Le Mans FC,1.5,0.8503,0.8503,0.8160,0.8787,,core 85.0 | form 83 | base 82,2026-10-08T06:42:01.597877+00:00,,,,
2026-10-10,FL1,AS Monaco FC,Toulouse FC,1.5,0.8197,0.8197,0.7824,0.8512,,core 82.0 | form 79 | base 83,2026-10-08T06:42:01.597877+00:00,,,,
2026-10-10,PD,Real Madrid CF,Villarreal CF,1.5,0.8486,0.8486,0.8141,0.8772,,core 84.9 | form 90 | base 81,2026-10-08T06:42:01.597877+00:00,,,,
